alert_id,alert_text,disaster_type,affected_region,source,date
IMD_2017_001,"Cyclonic Storm detected over Bay of Bengal during 2017, likely to cause heavy rainfall, strong winds and rough sea conditions. Fishermen advised caution.",Cyclonic Storm,Bay of Bengal,IMD RSMC,2017-06-01
IMD_2017_002,"Cyclonic Storm detected over Bay of Bengal during 2017, likely to cause heavy rainfall, strong winds and rough sea conditions. Fishermen advised caution.",Cyclonic Storm,Bay of Bengal,IMD RSMC,2017-06-01
IMD_2017_003,"Severe Cyclonic Storm detected over Bay of Bengal during 2017, likely to cause heavy rainfall, strong winds and rough sea conditions. Fishermen advised caution.",Severe Cyclonic Storm,Bay of Bengal,IMD RSMC,2017-06-01
IMD_2017_004,"Severe Cyclonic Storm detected over Bay of Bengal during 2017, likely to cause heavy rainfall, strong winds and rough sea conditions. Fishermen advised caution.",Severe Cyclonic Storm,Bay of Bengal,IMD RSMC,2017-06-01
IMD_2017_005,"Very Severe Cyclonic Storm detected over Arabian Sea during 2017, likely to cause heavy rainfall, strong winds and rough sea conditions. Fishermen advised caution.",Very Severe Cyclonic Storm,Arabian Sea,IMD RSMC,2017-06-01
IMD_2017_006,"Very Severe Cyclonic Storm detected over Arabian Sea during 2017, likely to cause heavy rainfall, strong winds and rough sea conditions. Fishermen advised caution.",Very Severe Cyclonic Storm,Arabian Sea,IMD RSMC,2017-06-01
IMD_2017_007,"Extremely Severe Cyclonic Storm detected over Arabian Sea during 2017, likely to cause heavy rainfall, strong winds and rough sea conditions. Fishermen advised caution.",Extremely Severe Cyclonic Storm,Arabian Sea,IMD RSMC,2017-06-01
IMD_2017_008,"Extremely Severe Cyclonic Storm detected over Arabian Sea during 2017, likely to cause heavy rainfall, strong winds and rough sea conditions. Fishermen advised caution.",Extremely Severe Cyclonic Storm,Arabian Sea,IMD RSMC,2017-06-01
IMD_2017_009,"Super Cyclonic Storm detected over Bay of Bengal during 2017, likely to cause heavy rainfall, strong winds and rough sea conditions. Fishermen advised caution.",Super Cyclonic Storm,Bay of Bengal,IMD RSMC,2017-06-01
IMD_2017_010,"Super Cyclonic Storm detected over Bay of Bengal during 2017, likely to cause heavy rainfall, strong winds and rough sea conditions. Fishermen advised caution.",Super Cyclonic Storm,Bay of Bengal,IMD RSMC,2017-06-01
IMD_2017_011,"Depression detected over Bay of Bengal during 2017, likely to cause heavy rainfall, strong winds and rough sea conditions. Fishermen advised caution.",Depression,Bay of Bengal,IMD RSMC,2017-06-01
IMD_2017_012,"Depression detected over Bay of Bengal during 2017, likely to cause heavy rainfall, strong winds and rough sea conditions. Fishermen advised caution.",Depression,Bay of Bengal,IMD RSMC,2017-06-01
IMD_2017_013,"Deep Depression detected over Arabian Sea during 2017, likely to cause heavy rainfall, strong winds and rough sea conditions. Fishermen advised caution.",Deep Depression,Arabian Sea,IMD RSMC,2017-06-01
IMD_2017_014,"Deep Depression detected over Arabian Sea during 2017, likely to cause heavy rainfall, strong winds and rough sea conditions. Fishermen advised caution.",Deep Depression,Arabian Sea,IMD RSMC,2017-06-01
IMD_2017_015,"Land Depression detected over Central India during 2017, likely to cause heavy rainfall, strong winds and rough sea conditions. Fishermen advised caution.",Land Depression,Central India,IMD RSMC,2017-06-01
IMD_2017_016,"Land Depression detected over Central India during 2017, likely to cause heavy rainfall, strong winds and rough sea conditions. Fishermen advised caution.",Land Depression,Central India,IMD RSMC,2017-06-01
IMD_2018_017,"Cyclonic Storm detected over Bay of Bengal during 2018, likely to cause heavy rainfall, strong winds and rough sea conditions. Fishermen advised caution.",Cyclonic Storm,Bay of Bengal,IMD RSMC,2018-06-01
IMD_2018_018,"Cyclonic Storm detected over Bay of Bengal during 2018, likely to cause heavy rainfall, strong winds and rough sea conditions. Fishermen advised caution.",Cyclonic Storm,Bay of Bengal,IMD RSMC,2018-06-01
IMD_2018_019,"Severe Cyclonic Storm detected over Bay of Bengal during 2018, likely to cause heavy rainfall, strong winds and rough sea conditions. Fishermen advised caution.",Severe Cyclonic Storm,Bay of Bengal,IMD RSMC,2018-06-01
IMD_2018_020,"Severe Cyclonic Storm detected over Bay of Bengal during 2018, likely to cause heavy rainfall, strong winds and rough sea conditions. Fishermen advised caution.",Severe Cyclonic Storm,Bay of Bengal,IMD RSMC,2018-06-01
IMD_2018_021,"Very Severe Cyclonic Storm detected over Arabian Sea during 2018, likely to cause heavy rainfall, strong winds and rough sea conditions. Fishermen advised caution.",Very Severe Cyclonic Storm,Arabian Sea,IMD RSMC,2018-06-01
IMD_2018_022,"Very Severe Cyclonic Storm detected over Arabian Sea during 2018, likely to cause heavy rainfall, strong winds and rough sea conditions. Fishermen advised caution.",Very Severe Cyclonic Storm,Arabian Sea,IMD RSMC,2018-06-01
IMD_2018_023,"Extremely Severe Cyclonic Storm detected over Arabian Sea during 2018, likely to cause heavy rainfall, strong winds and rough sea conditions. Fishermen advised caution.",Extremely Severe Cyclonic Storm,Arabian Sea,IMD RSMC,2018-06-01
IMD_2018_024,"Extremely Severe Cyclonic Storm detected over Arabian Sea during 2018, likely to cause heavy rainfall, strong winds and rough sea conditions. Fishermen advised caution.",Extremely Severe Cyclonic Storm,Arabian Sea,IMD RSMC,2018-06-01
IMD_2018_025,"Super Cyclonic Storm detected over Bay of Bengal during 2018, likely to cause heavy rainfall, strong winds and rough sea conditions. Fishermen advised caution.",Super Cyclonic Storm,Bay of Bengal,IMD RSMC,2018-06-01
IMD_2018_026,"Super Cyclonic Storm detected over Bay of Bengal during 2018, likely to cause heavy rainfall, strong winds and rough sea conditions. Fishermen advised caution.",Super Cyclonic Storm,Bay of Bengal,IMD RSMC,2018-06-01
IMD_2018_027,"Depression detected over Bay of Bengal during 2018, likely to cause heavy rainfall, strong winds and rough sea conditions. Fishermen advised caution.",Depression,Bay of Bengal,IMD RSMC,2018-06-01
IMD_2018_028,"Depression detected over Bay of Bengal during 2018, likely to cause heavy rainfall, strong winds and rough sea conditions. Fishermen advised caution.",Depression,Bay of Bengal,IMD RSMC,2018-06-01
IMD_2018_029,"Deep Depression detected over Arabian Sea during 2018, likely to cause heavy rainfall, strong winds and rough sea conditions. Fishermen advised caution.",Deep Depression,Arabian Sea,IMD RSMC,2018-06-01
IMD_2018_030,"Deep Depression detected over Arabian Sea during 2018, likely to cause heavy rainfall, strong winds and rough sea conditions. Fishermen advised caution.",Deep Depression,Arabian Sea,IMD RSMC,2018-06-01
IMD_2018_031,"Land Depression detected over Central India during 2018, likely to cause heavy rainfall, strong winds and rough sea conditions. Fishermen advised caution.",Land Depression,Central India,IMD RSMC,2018-06-01
IMD_2018_032,"Land Depression detected over Central India during 2018, likely to cause heavy rainfall, strong winds and rough sea conditions. Fishermen advised caution.",Land Depression,Central India,IMD RSMC,2018-06-01
IMD_2019_033,"Cyclonic Storm detected over Bay of Bengal during 2019, likely to cause heavy rainfall, strong winds and rough sea conditions. Fishermen advised caution.",Cyclonic Storm,Bay of Bengal,IMD RSMC,2019-06-01
IMD_2019_034,"Cyclonic Storm detected over Bay of Bengal during 2019, likely to cause heavy rainfall, strong winds and rough sea conditions. Fishermen advised caution.",Cyclonic Storm,Bay of Bengal,IMD RSMC,2019-06-01
IMD_2019_035,"Severe Cyclonic Storm detected over Bay of Bengal during 2019, likely to cause heavy rainfall, strong winds and rough sea conditions. Fishermen advised caution.",Severe Cyclonic Storm,Bay of Bengal,IMD RSMC,2019-06-01
IMD_2019_036,"Severe Cyclonic Storm detected over Bay of Bengal during 2019, likely to cause heavy rainfall, strong winds and rough sea conditions. Fishermen advised caution.",Severe Cyclonic Storm,Bay of Bengal,IMD RSMC,2019-06-01
IMD_2019_037,"Very Severe Cyclonic Storm detected over Arabian Sea during 2019, likely to cause heavy rainfall, strong winds and rough sea conditions. Fishermen advised caution.",Very Severe Cyclonic Storm,Arabian Sea,IMD RSMC,2019-06-01
IMD_2019_038,"Very Severe Cyclonic Storm detected over Arabian Sea during 2019, likely to cause heavy rainfall, strong winds and rough sea conditions. Fishermen advised caution.",Very Severe Cyclonic Storm,Arabian Sea,IMD RSMC,2019-06-01
IMD_2019_039,"Extremely Severe Cyclonic Storm detected over Arabian Sea during 2019, likely to cause heavy rainfall, strong winds and rough sea conditions. Fishermen advised caution.",Extremely Severe Cyclonic Storm,Arabian Sea,IMD RSMC,2019-06-01
IMD_2019_040,"Extremely Severe Cyclonic Storm detected over Arabian Sea during 2019, likely to cause heavy rainfall, strong winds and rough sea conditions. Fishermen advised caution.",Extremely Severe Cyclonic Storm,Arabian Sea,IMD RSMC,2019-06-01
IMD_2019_041,"Super Cyclonic Storm detected over Bay of Bengal during 2019, likely to cause heavy rainfall, strong winds and rough sea conditions. Fishermen advised caution.",Super Cyclonic Storm,Bay of Bengal,IMD RSMC,2019-06-01
IMD_2019_042,"Super Cyclonic Storm detected over Bay of Bengal during 2019, likely to cause heavy rainfall, strong winds and rough sea conditions. Fishermen advised caution.",Super Cyclonic Storm,Bay of Bengal,IMD RSMC,2019-06-01
IMD_2019_043,"Depression detected over Bay of Bengal during 2019, likely to cause heavy rainfall, strong winds and rough sea conditions. Fishermen advised caution.",Depression,Bay of Bengal,IMD RSMC,2019-06-01
IMD_2019_044,"Depression detected over Bay of Bengal during 2019, likely to cause heavy rainfall, strong winds and rough sea conditions. Fishermen advised caution.",Depression,Bay of Bengal,IMD RSMC,2019-06-01
IMD_2019_045,"Deep Depression detected over Arabian Sea during 2019, likely to cause heavy rainfall, strong winds and rough sea conditions. Fishermen advised caution.",Deep Depression,Arabian Sea,IMD RSMC,2019-06-01
IMD_2019_046,"Deep Depression detected over Arabian Sea during 2019, likely to cause heavy rainfall, strong winds and rough sea conditions. Fishermen advised caution.",Deep Depression,Arabian Sea,IMD RSMC,2019-06-01
IMD_2019_047,"Land Depression detected over Central India during 2019, likely to cause heavy rainfall, strong winds and rough sea conditions. Fishermen advised caution.",Land Depression,Central India,IMD RSMC,2019-06-01
IMD_2019_048,"Land Depression detected over Central India during 2019, likely to cause heavy rainfall, strong winds and rough sea conditions. Fishermen advised caution.",Land Depression,Central India,IMD RSMC,2019-06-01
IMD_2020_049,"Cyclonic Storm detected over Bay of Bengal during 2020, likely to cause heavy rainfall, strong winds and rough sea conditions. Fishermen advised caution.",Cyclonic Storm,Bay of Bengal,IMD RSMC,2020-06-01
IMD_2020_050,"Cyclonic Storm detected over Bay of Bengal during 2020, likely to cause heavy rainfall, strong winds and rough sea conditions. Fishermen advised caution.",Cyclonic Storm,Bay of Bengal,IMD RSMC,2020-06-01
IMD_2020_051,"Severe Cyclonic Storm detected over Bay of Bengal during 2020, likely to cause heavy rainfall, strong winds and rough sea conditions. Fishermen advised caution.",Severe Cyclonic Storm,Bay of Bengal,IMD RSMC,2020-06-01
IMD_2020_052,"Severe Cyclonic Storm detected over Bay of Bengal during 2020, likely to cause heavy rainfall, strong winds and rough sea conditions. Fishermen advised caution.",Severe Cyclonic Storm,Bay of Bengal,IMD RSMC,2020-06-01
IMD_2020_053,"Very Severe Cyclonic Storm detected over Arabian Sea during 2020, likely to cause heavy rainfall, strong winds and rough sea conditions. Fishermen advised caution.",Very Severe Cyclonic Storm,Arabian Sea,IMD RSMC,2020-06-01
IMD_2020_054,"Very Severe Cyclonic Storm detected over Arabian Sea during 2020, likely to cause heavy rainfall, strong winds and rough sea conditions. Fishermen advised caution.",Very Severe Cyclonic Storm,Arabian Sea,IMD RSMC,2020-06-01
IMD_2020_055,"Extremely Severe Cyclonic Storm detected over Arabian Sea during 2020, likely to cause heavy rainfall, strong winds and rough sea conditions. Fishermen advised caution.",Extremely Severe Cyclonic Storm,Arabian Sea,IMD RSMC,2020-06-01
IMD_2020_056,"Extremely Severe Cyclonic Storm detected over Arabian Sea during 2020, likely to cause heavy rainfall, strong winds and rough sea conditions. Fishermen advised caution.",Extremely Severe Cyclonic Storm,Arabian Sea,IMD RSMC,2020-06-01
IMD_2020_057,"Super Cyclonic Storm detected over Bay of Bengal during 2020, likely to cause heavy rainfall, strong winds and rough sea conditions. Fishermen advised caution.",Super Cyclonic Storm,Bay of Bengal,IMD RSMC,2020-06-01
IMD_2020_058,"Super Cyclonic Storm detected over Bay of Bengal during 2020, likely to cause heavy rainfall, strong winds and rough sea conditions. Fishermen advised caution.",Super Cyclonic Storm,Bay of Bengal,IMD RSMC,2020-06-01
IMD_2020_059,"Depression detected over Bay of Bengal during 2020, likely to cause heavy rainfall, strong winds and rough sea conditions. Fishermen advised caution.",Depression,Bay of Bengal,IMD RSMC,2020-06-01
IMD_2020_060,"Depression detected over Bay of Bengal during 2020, likely to cause heavy rainfall, strong winds and rough sea conditions. Fishermen advised caution.",Depression,Bay of Bengal,IMD RSMC,2020-06-01
IMD_2020_061,"Deep Depression detected over Arabian Sea during 2020, likely to cause heavy rainfall, strong winds and rough sea conditions. Fishermen advised caution.",Deep Depression,Arabian Sea,IMD RSMC,2020-06-01
IMD_2020_062,"Deep Depression detected over Arabian Sea during 2020, likely to cause heavy rainfall, strong winds and rough sea conditions. Fishermen advised caution.",Deep Depression,Arabian Sea,IMD RSMC,2020-06-01
IMD_2020_063,"Land Depression detected over Central India during 2020, likely to cause heavy rainfall, strong winds and rough sea conditions. Fishermen advised caution.",Land Depression,Central India,IMD RSMC,2020-06-01
IMD_2020_064,"Land Depression detected over Central India during 2020, likely to cause heavy rainfall, strong winds and rough sea conditions. Fishermen advised caution.",Land Depression,Central India,IMD RSMC,2020-06-01
IMD_2021_065,"Cyclonic Storm detected over Bay of Bengal during 2021, likely to cause heavy rainfall, strong winds and rough sea conditions. Fishermen advised caution.",Cyclonic Storm,Bay of Bengal,IMD RSMC,2021-06-01
IMD_2021_066,"Cyclonic Storm detected over Bay of Bengal during 2021, likely to cause heavy rainfall, strong winds and rough sea conditions. Fishermen advised caution.",Cyclonic Storm,Bay of Bengal,IMD RSMC,2021-06-01
IMD_2021_067,"Severe Cyclonic Storm detected over Bay of Bengal during 2021, likely to cause heavy rainfall, strong winds and rough sea conditions. Fishermen advised caution.",Severe Cyclonic Storm,Bay of Bengal,IMD RSMC,2021-06-01
IMD_2021_068,"Severe Cyclonic Storm detected over Bay of Bengal during 2021, likely to cause heavy rainfall, strong winds and rough sea conditions. Fishermen advised caution.",Severe Cyclonic Storm,Bay of Bengal,IMD RSMC,2021-06-01
IMD_2021_069,"Very Severe Cyclonic Storm detected over Arabian Sea during 2021, likely to cause heavy rainfall, strong winds and rough sea conditions. Fishermen advised caution.",Very Severe Cyclonic Storm,Arabian Sea,IMD RSMC,2021-06-01
IMD_2021_070,"Very Severe Cyclonic Storm detected over Arabian Sea during 2021, likely to cause heavy rainfall, strong winds and rough sea conditions. Fishermen advised caution.",Very Severe Cyclonic Storm,Arabian Sea,IMD RSMC,2021-06-01
IMD_2021_071,"Extremely Severe Cyclonic Storm detected over Arabian Sea during 2021, likely to cause heavy rainfall, strong winds and rough sea conditions. Fishermen advised caution.",Extremely Severe Cyclonic Storm,Arabian Sea,IMD RSMC,2021-06-01
IMD_2021_072,"Extremely Severe Cyclonic Storm detected over Arabian Sea during 2021, likely to cause heavy rainfall, strong winds and rough sea conditions. Fishermen advised caution.",Extremely Severe Cyclonic Storm,Arabian Sea,IMD RSMC,2021-06-01
IMD_2021_073,"Super Cyclonic Storm detected over Bay of Bengal during 2021, likely to cause heavy rainfall, strong winds and rough sea conditions. Fishermen advised caution.",Super Cyclonic Storm,Bay of Bengal,IMD RSMC,2021-06-01
IMD_2021_074,"Super Cyclonic Storm detected over Bay of Bengal during 2021, likely to cause heavy rainfall, strong winds and rough sea conditions. Fishermen advised caution.",Super Cyclonic Storm,Bay of Bengal,IMD RSMC,2021-06-01
IMD_2021_075,"Depression detected over Bay of Bengal during 2021, likely to cause heavy rainfall, strong winds and rough sea conditions. Fishermen advised caution.",Depression,Bay of Bengal,IMD RSMC,2021-06-01
IMD_2021_076,"Depression detected over Bay of Bengal during 2021, likely to cause heavy rainfall, strong winds and rough sea conditions. Fishermen advised caution.",Depression,Bay of Bengal,IMD RSMC,2021-06-01
IMD_2021_077,"Deep Depression detected over Arabian Sea during 2021, likely to cause heavy rainfall, strong winds and rough sea conditions. Fishermen advised caution.",Deep Depression,Arabian Sea,IMD RSMC,2021-06-01
IMD_2021_078,"Deep Depression detected over Arabian Sea during 2021, likely to cause heavy rainfall, strong winds and rough sea conditions. Fishermen advised caution.",Deep Depression,Arabian Sea,IMD RSMC,2021-06-01
IMD_2021_079,"Land Depression detected over Central India during 2021, likely to cause heavy rainfall, strong winds and rough sea conditions. Fishermen advised caution.",Land Depression,Central India,IMD RSMC,2021-06-01
IMD_2021_080,"Land Depression detected over Central India during 2021, likely to cause heavy rainfall, strong winds and rough sea conditions. Fishermen advised caution.",Land Depression,Central India,IMD RSMC,2021-06-01
IMD_2022_081,"Cyclonic Storm detected over Bay of Bengal during 2022, likely to cause heavy rainfall, strong winds and rough sea conditions. Fishermen advised caution.",Cyclonic Storm,Bay of Bengal,IMD RSMC,2022-06-01
IMD_2022_082,"Cyclonic Storm detected over Bay of Bengal during 2022, likely to cause heavy rainfall, strong winds and rough sea conditions. Fishermen advised caution.",Cyclonic Storm,Bay of Bengal,IMD RSMC,2022-06-01
IMD_2022_083,"Severe Cyclonic Storm detected over Bay of Bengal during 2022, likely to cause heavy rainfall, strong winds and rough sea conditions. Fishermen advised caution.",Severe Cyclonic Storm,Bay of Bengal,IMD RSMC,2022-06-01
IMD_2022_084,"Severe Cyclonic Storm detected over Bay of Bengal during 2022, likely to cause heavy rainfall, strong winds and rough sea conditions. Fishermen advised caution.",Severe Cyclonic Storm,Bay of Bengal,IMD RSMC,2022-06-01
IMD_2022_085,"Very Severe Cyclonic Storm detected over Arabian Sea during 2022, likely to cause heavy rainfall, strong winds and rough sea conditions. Fishermen advised caution.",Very Severe Cyclonic Storm,Arabian Sea,IMD RSMC,2022-06-01
IMD_2022_086,"Very Severe Cyclonic Storm detected over Arabian Sea during 2022, likely to cause heavy rainfall, strong winds and rough sea conditions. Fishermen advised caution.",Very Severe Cyclonic Storm,Arabian Sea,IMD RSMC,2022-06-01
IMD_2022_087,"Extremely Severe Cyclonic Storm detected over Arabian Sea during 2022, likely to cause heavy rainfall, strong winds and rough sea conditions. Fishermen advised caution.",Extremely Severe Cyclonic Storm,Arabian Sea,IMD RSMC,2022-06-01
IMD_2022_088,"Extremely Severe Cyclonic Storm detected over Arabian Sea during 2022, likely to cause heavy rainfall, strong winds and rough sea conditions. Fishermen advised caution.",Extremely Severe Cyclonic Storm,Arabian Sea,IMD RSMC,2022-06-01
IMD_2022_089,"Super Cyclonic Storm detected over Bay of Bengal during 2022, likely to cause heavy rainfall, strong winds and rough sea conditions. Fishermen advised caution.",Super Cyclonic Storm,Bay of Bengal,IMD RSMC,2022-06-01
IMD_2022_090,"Super Cyclonic Storm detected over Bay of Bengal during 2022, likely to cause heavy rainfall, strong winds and rough sea conditions. Fishermen advised caution.",Super Cyclonic Storm,Bay of Bengal,IMD RSMC,2022-06-01
IMD_2022_091,"Depression detected over Bay of Bengal during 2022, likely to cause heavy rainfall, strong winds and rough sea conditions. Fishermen advised caution.",Depression,Bay of Bengal,IMD RSMC,2022-06-01
IMD_2022_092,"Depression detected over Bay of Bengal during 2022, likely to cause heavy rainfall, strong winds and rough sea conditions. Fishermen advised caution.",Depression,Bay of Bengal,IMD RSMC,2022-06-01
IMD_2022_093,"Deep Depression detected over Arabian Sea during 2022, likely to cause heavy rainfall, strong winds and rough sea conditions. Fishermen advised caution.",Deep Depression,Arabian Sea,IMD RSMC,2022-06-01
IMD_2022_094,"Deep Depression detected over Arabian Sea during 2022, likely to cause heavy rainfall, strong winds and rough sea conditions. Fishermen advised caution.",Deep Depression,Arabian Sea,IMD RSMC,2022-06-01
IMD_2022_095,"Land Depression detected over Central India during 2022, likely to cause heavy rainfall, strong winds and rough sea conditions. Fishermen advised caution.",Land Depression,Central India,IMD RSMC,2022-06-01
IMD_2022_096,"Land Depression detected over Central India during 2022, likely to cause heavy rainfall, strong winds and rough sea conditions. Fishermen advised caution.",Land Depression,Central India,IMD RSMC,2022-06-01
IMD_2023_097,"Cyclonic Storm detected over Bay of Bengal during 2023, likely to cause heavy rainfall, strong winds and rough sea conditions. Fishermen advised caution.",Cyclonic Storm,Bay of Bengal,IMD RSMC,2023-06-01
IMD_2023_098,"Cyclonic Storm detected over Bay of Bengal during 2023, likely to cause heavy rainfall, strong winds and rough sea conditions. Fishermen advised caution.",Cyclonic Storm,Bay of Bengal,IMD RSMC,2023-06-01
IMD_2023_099,"Severe Cyclonic Storm detected over Bay of Bengal during 2023, likely to cause heavy rainfall, strong winds and rough sea conditions. Fishermen advised caution.",Severe Cyclonic Storm,Bay of Bengal,IMD RSMC,2023-06-01
IMD_2023_100,"Severe Cyclonic Storm detected over Bay of Bengal during 2023, likely to cause heavy rainfall, strong winds and rough sea conditions. Fishermen advised caution.",Severe Cyclonic Storm,Bay of Bengal,IMD RSMC,2023-06-01
IMD_2023_101,"Very Severe Cyclonic Storm detected over Arabian Sea during 2023, likely to cause heavy rainfall, strong winds and rough sea conditions. Fishermen advised caution.",Very Severe Cyclonic Storm,Arabian Sea,IMD RSMC,2023-06-01
IMD_2023_102,"Very Severe Cyclonic Storm detected over Arabian Sea during 2023, likely to cause heavy rainfall, strong winds and rough sea conditions. Fishermen advised caution.",Very Severe Cyclonic Storm,Arabian Sea,IMD RSMC,2023-06-01
IMD_2023_103,"Extremely Severe Cyclonic Storm detected over Arabian Sea during 2023, likely to cause heavy rainfall, strong winds and rough sea conditions. Fishermen advised caution.",Extremely Severe Cyclonic Storm,Arabian Sea,IMD RSMC,2023-06-01
IMD_2023_104,"Extremely Severe Cyclonic Storm detected over Arabian Sea during 2023, likely to cause heavy rainfall, strong winds and rough sea conditions. Fishermen advised caution.",Extremely Severe Cyclonic Storm,Arabian Sea,IMD RSMC,2023-06-01
IMD_2023_105,"Super Cyclonic Storm detected over Bay of Bengal during 2023, likely to cause heavy rainfall, strong winds and rough sea conditions. Fishermen advised caution.",Super Cyclonic Storm,Bay of Bengal,IMD RSMC,2023-06-01
IMD_2023_106,"Super Cyclonic Storm detected over Bay of Bengal during 2023, likely to cause heavy rainfall, strong winds and rough sea conditions. Fishermen advised caution.",Super Cyclonic Storm,Bay of Bengal,IMD RSMC,2023-06-01
IMD_2023_107,"Depression detected over Bay of Bengal during 2023, likely to cause heavy rainfall, strong winds and rough sea conditions. Fishermen advised caution.",Depression,Bay of Bengal,IMD RSMC,2023-06-01
IMD_2023_108,"Depression detected over Bay of Bengal during 2023, likely to cause heavy rainfall, strong winds and rough sea conditions. Fishermen advised caution.",Depression,Bay of Bengal,IMD RSMC,2023-06-01
IMD_2023_109,"Deep Depression detected over Arabian Sea during 2023, likely to cause heavy rainfall, strong winds and rough sea conditions. Fishermen advised caution.",Deep Depression,Arabian Sea,IMD RSMC,2023-06-01
IMD_2023_110,"Deep Depression detected over Arabian Sea during 2023, likely to cause heavy rainfall, strong winds and rough sea conditions. Fishermen advised caution.",Deep Depression,Arabian Sea,IMD RSMC,2023-06-01
IMD_2023_111,"Land Depression detected over Central India during 2023, likely to cause heavy rainfall, strong winds and rough sea conditions. Fishermen advised caution.",Land Depression,Central India,IMD RSMC,2023-06-01
IMD_2023_112,"Land Depression detected over Central India during 2023, likely to cause heavy rainfall, strong winds and rough sea conditions. Fishermen advised caution.",Land Depression,Central India,IMD RSMC,2023-06-01
IMD_2024_113,"Cyclonic Storm detected over Bay of Bengal during 2024, likely to cause heavy rainfall, strong winds and rough sea conditions. Fishermen advised caution.",Cyclonic Storm,Bay of Bengal,IMD RSMC,2024-06-01
IMD_2024_114,"Cyclonic Storm detected over Bay of Bengal during 2024, likely to cause heavy rainfall, strong winds and rough sea conditions. Fishermen advised caution.",Cyclonic Storm,Bay of Bengal,IMD RSMC,2024-06-01
IMD_2024_115,"Severe Cyclonic Storm detected over Bay of Bengal during 2024, likely to cause heavy rainfall, strong winds and rough sea conditions. Fishermen advised caution.",Severe Cyclonic Storm,Bay of Bengal,IMD RSMC,2024-06-01
IMD_2024_116,"Severe Cyclonic Storm detected over Bay of Bengal during 2024, likely to cause heavy rainfall, strong winds and rough sea conditions. Fishermen advised caution.",Severe Cyclonic Storm,Bay of Bengal,IMD RSMC,2024-06-01
IMD_2024_117,"Very Severe Cyclonic Storm detected over Arabian Sea during 2024, likely to cause heavy rainfall, strong winds and rough sea conditions. Fishermen advised caution.",Very Severe Cyclonic Storm,Arabian Sea,IMD RSMC,2024-06-01
IMD_2024_118,"Very Severe Cyclonic Storm detected over Arabian Sea during 2024, likely to cause heavy rainfall, strong winds and rough sea conditions. Fishermen advised caution.",Very Severe Cyclonic Storm,Arabian Sea,IMD RSMC,2024-06-01
IMD_2024_119,"Extremely Severe Cyclonic Storm detected over Arabian Sea during 2024, likely to cause heavy rainfall, strong winds and rough sea conditions. Fishermen advised caution.",Extremely Severe Cyclonic Storm,Arabian Sea,IMD RSMC,2024-06-01
IMD_2024_120,"Extremely Severe Cyclonic Storm detected over Arabian Sea during 2024, likely to cause heavy rainfall, strong winds and rough sea conditions. Fishermen advised caution.",Extremely Severe Cyclonic Storm,Arabian Sea,IMD RSMC,2024-06-01
IMD_2024_121,"Super Cyclonic Storm detected over Bay of Bengal during 2024, likely to cause heavy rainfall, strong winds and rough sea conditions. Fishermen advised caution.",Super Cyclonic Storm,Bay of Bengal,IMD RSMC,2024-06-01
IMD_2024_122,"Super Cyclonic Storm detected over Bay of Bengal during 2024, likely to cause heavy rainfall, strong winds and rough sea conditions. Fishermen advised caution.",Super Cyclonic Storm,Bay of Bengal,IMD RSMC,2024-06-01
IMD_2024_123,"Depression detected over Bay of Bengal during 2024, likely to cause heavy rainfall, strong winds and rough sea conditions. Fishermen advised caution.",Depression,Bay of Bengal,IMD RSMC,2024-06-01
IMD_2024_124,"Depression detected over Bay of Bengal during 2024, likely to cause heavy rainfall, strong winds and rough sea conditions. Fishermen advised caution.",Depression,Bay of Bengal,IMD RSMC,2024-06-01
IMD_2024_125,"Deep Depression detected over Arabian Sea during 2024, likely to cause heavy rainfall, strong winds and rough sea conditions. Fishermen advised caution.",Deep Depression,Arabian Sea,IMD RSMC,2024-06-01
IMD_2024_126,"Deep Depression detected over Arabian Sea during 2024, likely to cause heavy rainfall, strong winds and rough sea conditions. Fishermen advised caution.",Deep Depression,Arabian Sea,IMD RSMC,2024-06-01
IMD_2024_127,"Land Depression detected over Central India during 2024, likely to cause heavy rainfall, strong winds and rough sea conditions. Fishermen advised caution.",Land Depression,Central India,IMD RSMC,2024-06-01
IMD_2024_128,"Land Depression detected over Central India during 2024, likely to cause heavy rainfall, strong winds and rough sea conditions. Fishermen advised caution.",Land Depression,Central India,IMD RSMC,2024-06-01
IMD_2025_129,"Cyclonic Storm detected over Bay of Bengal during 2025, likely to cause heavy rainfall, strong winds and rough sea conditions. Fishermen advised caution.",Cyclonic Storm,Bay of Bengal,IMD RSMC,2025-06-01
IMD_2025_130,"Cyclonic Storm detected over Bay of Bengal during 2025, likely to cause heavy rainfall, strong winds and rough sea conditions. Fishermen advised caution.",Cyclonic Storm,Bay of Bengal,IMD RSMC,2025-06-01
IMD_2025_131,"Severe Cyclonic Storm detected over Bay of Bengal during 2025, likely to cause heavy rainfall, strong winds and rough sea conditions. Fishermen advised caution.",Severe Cyclonic Storm,Bay of Bengal,IMD RSMC,2025-06-01
IMD_2025_132,"Severe Cyclonic Storm detected over Bay of Bengal during 2025, likely to cause heavy rainfall, strong winds and rough sea conditions. Fishermen advised caution.",Severe Cyclonic Storm,Bay of Bengal,IMD RSMC,2025-06-01
IMD_2025_133,"Very Severe Cyclonic Storm detected over Arabian Sea during 2025, likely to cause heavy rainfall, strong winds and rough sea conditions. Fishermen advised caution.",Very Severe Cyclonic Storm,Arabian Sea,IMD RSMC,2025-06-01
IMD_2025_134,"Very Severe Cyclonic Storm detected over Arabian Sea during 2025, likely to cause heavy rainfall, strong winds and rough sea conditions. Fishermen advised caution.",Very Severe Cyclonic Storm,Arabian Sea,IMD RSMC,2025-06-01
IMD_2025_135,"Extremely Severe Cyclonic Storm detected over Arabian Sea during 2025, likely to cause heavy rainfall, strong winds and rough sea conditions. Fishermen advised caution.",Extremely Severe Cyclonic Storm,Arabian Sea,IMD RSMC,2025-06-01
IMD_2025_136,"Extremely Severe Cyclonic Storm detected over Arabian Sea during 2025, likely to cause heavy rainfall, strong winds and rough sea conditions. Fishermen advised caution.",Extremely Severe Cyclonic Storm,Arabian Sea,IMD RSMC,2025-06-01
IMD_2025_137,"Super Cyclonic Storm detected over Bay of Bengal during 2025, likely to cause heavy rainfall, strong winds and rough sea conditions. Fishermen advised caution.",Super Cyclonic Storm,Bay of Bengal,IMD RSMC,2025-06-01
IMD_2025_138,"Super Cyclonic Storm detected over Bay of Bengal during 2025, likely to cause heavy rainfall, strong winds and rough sea conditions. Fishermen advised caution.",Super Cyclonic Storm,Bay of Bengal,IMD RSMC,2025-06-01
IMD_2025_139,"Depression detected over Bay of Bengal during 2025, likely to cause heavy rainfall, strong winds and rough sea conditions. Fishermen advised caution.",Depression,Bay of Bengal,IMD RSMC,2025-06-01
IMD_2025_140,"Depression detected over Bay of Bengal during 2025, likely to cause heavy rainfall, strong winds and rough sea conditions. Fishermen advised caution.",Depression,Bay of Bengal,IMD RSMC,2025-06-01
IMD_2025_141,"Deep Depression detected over Arabian Sea during 2025, likely to cause heavy rainfall, strong winds and rough sea conditions. Fishermen advised caution.",Deep Depression,Arabian Sea,IMD RSMC,2025-06-01
IMD_2025_142,"Deep Depression detected over Arabian Sea during 2025, likely to cause heavy rainfall, strong winds and rough sea conditions. Fishermen advised caution.",Deep Depression,Arabian Sea,IMD RSMC,2025-06-01
IMD_2025_143,"Land Depression detected over Central India during 2025, likely to cause heavy rainfall, strong winds and rough sea conditions. Fishermen advised caution.",Land Depression,Central India,IMD RSMC,2025-06-01
IMD_2025_144,"Land Depression detected over Central India during 2025, likely to cause heavy rainfall, strong winds and rough sea conditions. Fishermen advised caution.",Land Depression,Central India,IMD RSMC,2025-06-01
IMD_2025_X145,"Depression over northwest Bay of Bengal likely to intensify, causing heavy rainfall and squally winds. Fishermen advised not to venture into sea.",Depression,Northwest Bay of Bengal,IMD RSMC,2025-07-01
IMD_2025_X146,"Depression over northwest Bay of Bengal likely to intensify, causing heavy rainfall and squally winds. Fishermen advised not to venture into sea.",Depression,Northwest Bay of Bengal,IMD RSMC,2025-07-01
IMD_2025_X147,"Depression over northwest Bay of Bengal likely to intensify, causing heavy rainfall and squally winds. Fishermen advised not to venture into sea.",Depression,Northwest Bay of Bengal,IMD RSMC,2025-07-01
IMD_2025_X148,"Depression over northwest Bay of Bengal likely to intensify, causing heavy rainfall and squally winds. Fishermen advised not to venture into sea.",Depression,Northwest Bay of Bengal,IMD RSMC,2025-07-01
IMD_2025_X149,"Depression over northwest Bay of Bengal likely to intensify, causing heavy rainfall and squally winds. Fishermen advised not to venture into sea.",Depression,Northwest Bay of Bengal,IMD RSMC,2025-07-01
IMD_2025_X150,"Depression over northwest Bay of Bengal likely to intensify, causing heavy rainfall and squally winds. Fishermen advised not to venture into sea.",Depression,Northwest Bay of Bengal,IMD RSMC,2025-07-01
